,Country/Territory,Recreational,Medical,Notes
0,Afghanistan,Illegal,Illegal,Main article: Cannabis in Afghanistan Production banned by King Zahir Shah in 1973.[9]
1,Albania,Illegal,Illegal,Main article: Cannabis in Albania Prohibited but plants highly available throughout the country and law often unenforced.[10][11][12]
2,Algeria,Illegal,Illegal,Main article: Cannabis in Algeria
3,Andorra,Illegal,Illegal,Main article: Cannabis in Andorra
4,Angola,Illegal,Illegal,Main article: Cannabis in Angola
5,Antigua and Barbuda,Decriminalized,Illegal,Main article: Cannabis in Antigua and Barbuda
6,Argentina,Decriminalized,Legal,"Main article: Cannabis in Argentina Decriminalized for small amounts and private consumption, as ruled by the Supreme Court in 2009.[13] Medicinal cannabis legal nationally since 21 September 2017.[14]"
7,Armenia,Illegal,Illegal,Main article: Cannabis in Armenia
8,Australia,Decriminalized in Northern Territory and South Australia. Legal in Australian Capital Territory for personal use but not for sale.,Legal at federal level and in all states.,"Main article: Cannabis in Australia In September 2019, the Australian Capital Territory became the first state or territory of Australia to legalize recreational use of cannabis. Since 31 January 2020 residents have been allowed to grow two plants and possess 50 g, though sales or other transfer is prohibited, including cannabis seeds. Federal law also remains enforceable.[19]"
9,Austria,Possession for personal use decriminalized as of January 2016.,Cannabis-derived drugs,Main article: Cannabis in Austria
10,Azerbaijan,Illegal,Illegal,Main article: Cannabis in Azerbaijan
11,Bahamas,Illegal,Illegal,Main article: Cannabis in the Bahamas
12,Bahrain,Illegal,Illegal,Main article: Cannabis in Bahrain
13,Bangladesh,Illegal but often unenforced,Illegal,"Main article: Cannabis in Bangladesh Sale banned in 1989,[20] but laws are rarely enforced and cannabis is openly sold in many parts of the country.[21][22]"
14,Barbados,Legal for spiritual use by registered Rastafarians,Legal,Main article: Cannabis in Barbados
15,Belarus,Illegal,Illegal,Main article: Cannabis in Belarus
16,Belgium,Decriminalized up to 3g or cultivation of one plant,Cannabis-derived drugs,Main article: Cannabis in Belgium Up to 3 g legal for adults since 2003.[26][27]
17,Belize,Decriminalized up to 10g,Illegal,"Main article: Cannabis in Belize Possession prohibited, but use is common and largely tolerated.[28] Laws decriminalizing possession of up to 10 g ""in the works"".[29]"
18,Benin,Illegal,Illegal,Main article: Cannabis in Benin
19,Bermuda,Decriminalized up to 7g,Legal,"Main article: Cannabis in Bermuda In November 2016, the Supreme Court of Bermuda ruled in favor of allowing the medical use of cannabis.[30] As of July 2018, two doctors have been licensed to prescribe the drug.[31]"
20,Bhutan,Illegal,Illegal,"Main article: Cannabis in Bhutan Illegal, but plants grow prolifically and have multiple traditional uses, such as feeding pigs and producing textiles.[32]"
21,Bolivia,Decriminalized up to 50g,Illegal,Main article: Cannabis in Bolivia
22,Bosnia and Herzegovina,Illegal,Illegal,"Main article: Cannabis in Bosnia and Herzegovina In 2016, the Ministry of Civil Affairs formed a task force to explore the legalization of cannabis and cannabinoids for medicinal purposes.[33]"
23,Botswana,Illegal,Illegal,Main article: Cannabis in Botswana Cannabis (or dagga) is illegal.[34]
24,Brazil,Illegal (educational measures for small amounts and private use),Legal for terminally ill patients or those who have exhausted other treatment options.,"Main article: Cannabis in Brazil Possession of any illegal drug entails a warning, community service, and education on the effects of drug use. Possession of large amounts, as well as sale, transportation, and cultivation, are considered drug trafficking.[37]"
25,Brunei,Illegal,Illegal,Main article: Cannabis in Brunei
26,Country/Territory,Recreational,Medical,Notes
27,Bulgaria,Illegal,Illegal,"Main article: Cannabis in Bulgaria Cannabis is classified as a class A (High-risk) drug, together with heroin, cocaine, amphetamines, and MDMA (ecstasy). Until 2004, a loosely defined ""personal dose"" existed.[38]"
28,Burkina Faso,Illegal,Illegal,Main article: Cannabis in Burkina Faso
29,Burundi,Illegal,Illegal,Main article: Cannabis in Burundi
30,Cambodia,Illegal but often unenforced,Illegal,"Main article: Cannabis in Cambodia Illegal,[39] but this prohibition is lax and enforced opportunistically.[40][41][42] ""Happy"" restaurants in cities publicly offer food cooked with marijuana, or as a side garnish.[43]"
31,Cameroon,Illegal,Illegal,Main article: Cannabis in Cameroon
32,Canada,Legal,Legal,"Main articles: Cannabis in Canada and Cannabis laws of Canada by province or territory Legal for medicinal purposes since 2001 and for recreational purposes since 17 October 2018. The age to buy or consume cannabis is 19 in most of the country, with the exceptions being Alberta (age 18) and Quebec (age 21).[44]"
33,Cape Verde,Illegal,Illegal,Main article: Cannabis in Cape Verde
34,Central African Republic,Illegal,Illegal,Main article: Cannabis in the Central African Republic
35,Chad,Illegal,Illegal,Main article: Cannabis in Chad
36,Chile,Decriminalized for possession and cultivation,Legal,Main article: Cannabis in Chile Private personal use[45] and recreational cultivation[46][47][48] decriminalized. Medicinal cultivation legal with the authorization of The Chilean Agriculture Service (SAG)[49] and sale of medication allowed on prescription in pharmacies.[50]
37,People's Republic of China (PRC),Illegal,Illegal,Main article: Cannabis in China Penalty for possession or consumption: 10–15 days' detention without prosecution and a fine.[51]
38,Colombia,Decriminalized up to 22g or cultivation of 20 plants for personal use,Legal,"Main article: Cannabis in Colombia Decriminalized up to 22 g for personal consumption. Individuals carrying greater amounts, or cultivating up to 20 plants, cannot be prosecuted if the drug is for personal use.[52][53][54][55]"
39,Comoros,Illegal,Illegal,"Main article: Cannabis in Comoros Cannabis was legal during the Comorian historical period between January 1975 and May 1978, when president Ali Soilih legalized cannabis consumption among other measures.[56][57]"
40,Democratic Republic of the Congo,Illegal,Illegal,Main article: Cannabis in the Democratic Republic of the Congo
41,Republic of the Congo,Illegal,Illegal,Main article: Cannabis in the Republic of the Congo
42,Costa Rica,Decriminalized,Illegal,"Main article: Cannabis in Costa Rica Decriminalized since police officers do not detain people for personal use, yet no amount has been defined as a minimum for possession. Use of cannabis is widespread throughout the country.[58][59]"
43,Croatia,Decriminalized,Legal,"Main article: Cannabis in Croatia Possession of small amounts considered a misdemeanor which leads to fine. Medicinal cannabis legal for patients with illnesses such as cancer, multiple sclerosis, or HIV/AIDS.[61]"
44,Cuba,Illegal,Illegal,Main article: Cannabis in Cuba
45,Cyprus,Illegal,Legal,Main article: Cannabis in Cyprus Class B substance – life imprisonment is possible for use and maximum 8 years for possession (at the maximum 2 years for the first offense for people under 25).[63]
46,Czech Republic,Decriminalized up to 10g or cultivation of 5 plants,Legal,Main article: Cannabis in the Czech Republic Possession of up to 10 g or cultivation of up to 5 plants is an infraction subject to a minor fine – mostly not enforced. Medicinal use legal and regulated since 2013.[65][66]
47,Denmark,Illegal,Legal (4-year pilot program beginning in January 2018),"Main article: Cannabis in Denmark As with all drugs, cannabis-related offenses are punishable by a fine or imprisonment for up to 2 years.[68] Freetown Christiania, a self-declared autonomous community in Copenhagen, is known for its cannabis trade.[69]"
48,Djibouti,Illegal,Illegal,Main article: Cannabis in Djibouti
49,Dominica,Decriminalized up to 28g,Illegal,Main article: Cannabis in Dominica
50,Dominican Republic,Illegal,Illegal,Main article: Cannabis in the Dominican Republic
51,East Timor,Illegal,Illegal,Main article: Cannabis in East Timor
52,Country/Territory,Recreational,Medical,Notes
53,Ecuador,Decriminalized up to 10g,Legal,Main article: Cannabis in Ecuador Possession of small amounts decriminalized.[72][73][74] Possession of under 10 g is considered personal use and not punished.[75]
54,Egypt,Illegal but often unenforced,Illegal,Main article: Cannabis in Egypt Illegal since 1925[76] but use is widespread. Convictions for personal use are rare.[77] Formerly a plant of high status with several documented medicinal uses in ancient times.
55,El Salvador,Illegal,Illegal,Main article: Cannabis in El Salvador
56,Equatorial Guinea,Illegal,Illegal,Main article: Cannabis in Equatorial Guinea
57,Eritrea,Illegal,Illegal,Main article: Cannabis in Eritrea
58,Estonia,Decriminalized,With a special permit,"Main article: Cannabis in Estonia Up to 7.5 g is considered an amount for personal use, and is punished with a fine. Large amounts and distribution are criminal offenses punishable with a custodial sentence of up to 5 years.[79]"
59,Eswatini (Swaziland),Illegal,Illegal,Main article: Cannabis in Eswatini
60,Ethiopia,Illegal,Illegal,"Main article: Cannabis in Ethiopia Despite being the spiritual homeland of the Rastafari movement, possession of cannabis can result in up to six months imprisonment.[80]"
61,Fiji,Illegal,Illegal,Main article: Cannabis in Fiji
62,Finland,Illegal but sometimes not enforced,Legal under license.,"Main article: Cannabis in Finland Personal use is generally not prosecuted in court but subject to summary fine. Medicinal cannabis possible under a special license since 2006; in 2014, 223 licenses were issued.[81]"
63,France,Illegal,Some cannabis-derived drugs.,Main article: Cannabis in France Possession entails a 200€ fine since November 2018.[82] Medical use of some cannabinoid drugs legalized in 2013.[83][84]
64,Gabon,Illegal,Illegal,Main article: Cannabis in Gabon
65,Gambia,Illegal,Illegal,Main article: Cannabis in the Gambia
66,Georgia,"Legal for possession and consumption but not for sale, per a July 2018 ruling by the Constitutional Court of Georgia.","Use is legal, but no system for the dispensing of cannabis exists.",Main article: Cannabis in Georgia (country)
67,Germany,"Illegal, but prosecution may be refrained if possession is in small quantities and for personal use.",Legal for seriously ill patients who have consulted with a doctor and have absolutely no therapeutic alternative.,"Main article: Cannabis in Germany Under federal law, prosecution is optional for possession of ""small amounts"" of any narcotics, if there is no public interest in the offence and the narcotics were only intended for the offender's own use.[89]"
68,Ghana,Illegal,Legal only for THC less than 0.3%,Main article: Cannabis in Ghana
69,Greece,Illegal,Legal,Main article: Cannabis in Greece
70,Greenland (Kalaallit Nunaat),Illegal,Illegal,Main article: Cannabis in Greenland
71,Grenada,Illegal,Illegal,Main article: Cannabis in Grenada
72,Guatemala,Illegal,Illegal,Main article: Cannabis in Guatemala In 2016 a constitutional commission rejected proposals to legalize medicinal or recreational use of cannabis.[94][95]
73,Guinea,Illegal,Illegal,Main article: Cannabis in Guinea
74,Guinea-Bissau,Illegal,Illegal,Main article: Cannabis in Guinea-Bissau
75,Guyana,Illegal,Illegal,Main article: Cannabis in Guyana Possession of 15 g or over can result in charges of drug trafficking.[96]
76,Haiti,Illegal,Illegal,Main article: Cannabis in Haiti
77,Honduras,Illegal,Illegal,"Main article: Cannabis in Honduras The possession, sale, transportation, and cultivation of cannabis is illegal.[97]"
78,Hong Kong,Illegal,Illegal,"Main article: Cannabis in Hong Kong Possession, sale, transportation, and cultivation illegal under the Dangerous Drug Ordinance.[98] (Chapter 134 of the Law of Hong Kong)"
79,Country/Territory,Recreational,Medical,Notes
80,Hungary,Illegal,Illegal,Main article: Cannabis in Hungary There is no distinction in Hungarian law between illicit drugs according to dangers. Heroin use has the same legal consequences as cannabis use.[99]
81,Iceland,Illegal,Illegal,Main article: Cannabis in Iceland Banned in 1969.[100] Possession of small amounts is subject to arrest and fine but no threat of jail time.[101]
82,India,"Illegal, but exception is made for the use of bhang.",Illegal,"Main article: Cannabis in India Albeit illegal, usage is prevalent and some government-owned shops sell cannabis in the form of bhang. States have their own laws regarding cannabis, locally known as ganja."
83,Indonesia,Illegal,Illegal,Main article: Cannabis in Indonesia Banned in 1927.[103] Minimum sentence of 4 years in prison (additional fines may apply) if caught dealing / distributing. Rehabilitation or maximum sentence of 4 years if caught in possession alone.[104][105]
84,Iran,"Illegal, but not strictly enforced",Illegal,Main article: Cannabis in Iran Maximum of capital punishment to possess hashish over 5 kilograms[106] but unenforced.[107]
85,Iraq,Illegal,Illegal,Main article: Cannabis in Iraq
86,Ireland,Illegal,Legal as part of 5-year pilot program enacted in June 2019,"Main article: Cannabis in Ireland The National Drugs Strategy of 2009–2016 did not favor decriminalizing cannabis.[111] A new strategy was planned for 2017.[112] Cannabis-derived medicines may be licensed since 2014.[113][114] A review of policy on medicinal cannabis was announced in November 2016,[115] and a private member's bill to legalize it passed second stage in the Dáil in December 2016.[116][117][118]"
87,Israel,Decriminalized,Legal,"Main article: Cannabis in Israel As of April 2019, public possession of small amounts is a non-criminal offense punished by escalating fines. A third offense can result in criminal charges, however. Possession in the privacy of one's home is not punished.[119]"
88,Italy,Possession decriminalized; home cultivation legal in small amounts for personal use.,Legal,"Main article: Cannabis in Italy Possession of small amounts for personal use is a misdemeanor subject to fines and the suspension of documents (passports or driver's licenses). Sale is punishable by imprisonment, even if in small amounts. Licensed cultivation for medicinal and industrial use strictly regulated.[121]"
89,Ivory Coast,Illegal,Illegal,Main article: Cannabis in Ivory Coast
90,Jamaica,Decriminalized up to 2oz or cultivation of 5 plants. Legal for Rastafari.,Legal,"Main article: Cannabis in Jamaica Decriminalized since 2015, and in 2018 the first medical cannabis dispensary opened.[122]"
91,Japan,Illegal,Illegal,"Main article: Cannabis in Japan Restricted in 1948.[123] Use and possession are punishable by up to 5 years imprisonment and a fine. Cultivation, sale, and transport are punishable by 7–10 years imprisonment and a fine.[124]"
92,Jordan,Illegal,Illegal,Main article: Cannabis in Jordan
93,Kazakhstan,Illegal,Illegal,Main article: Cannabis in Kazakhstan
94,Kenya,Illegal,Illegal,Main article: Cannabis in Kenya
95,Kiribati,Illegal,Illegal,Main article: Cannabis in Kiribati
96,"Korea, North (DPRK)",Unknown,Unknown,"Main article: Cannabis in North Korea There are conflicting reports on the legal status of cannabis in North Korea. Multiple reports from defectors and tourists claim there is no law regarding the possession of cannabis (as a result, it is not classified as a drug) in North Korea or if there is, it is mostly unenforced. However, other reports claim that cannabis is illegal.[125]"
97,"Korea, South",Illegal,"Legal, but access limited to Epidiolex, Marinol and Sativex as of now due to the policy implemented by the Ministry of Food and Drug Safety","Main article: Cannabis in South Korea Medical use of cannabis was legalized in November 2018. The plant itself, however, remains unavailable due to the policy made by the Ministry of Food and Drug Safety.[127]"
98,Kosovo,Illegal,Illegal,Main article: Cannabis in Kosovo
99,Kuwait,Illegal,Illegal,Main article: Cannabis in Kuwait
100,Kyrgyzstan,Illegal,Illegal,Main article: Cannabis in Kyrgyzstan
101,Laos,Illegal but often unenforced,Illegal,Main article: Cannabis in Laos
102,Latvia,Illegal,Illegal,"Main article: Cannabis in Latvia Possession of up to 1 g can result in a €280 fine; for second offenses within a year period, criminal charges are applied. Larger quantities can be punished with up to 15 years in prison."
103,Lebanon,Illegal,Legal,"Main article: Cannabis in Lebanon Hashish banned in 1926;[129] cultivation banned in 1992.[130] Large amounts of cannabis are still grown within the country illicitly, however.[131] Cultivation of cannabis for medical use was legalized in April 2020.[132]"
104,Lesotho,Illegal but tolerated,Illegal,Main article: Cannabis in Lesotho Licensed cultivation allowed for export to other countries. Also widely grown for illicit purposes.[133][134]
105,Liberia,Illegal,Illegal,Main article: Cannabis in Liberia
106,Libya,Illegal,Illegal,Main article: Cannabis in Libya
107,Country/Territory,Recreational,Medical,Notes
108,Liechtenstein,Illegal,Illegal,Main article: Cannabis in Liechtenstein
109,Lithuania,Illegal,Legal,Main article: Cannabis in Lithuania A bill to legalize medical use of cannabis was passed by the Seimas on 11 October 2018.
110,Luxembourg,Decriminalized,Legal,"Main article: Cannabis in Luxembourg Transportation and consumption are illegal. Decriminalized since 2001, with prison penalty replaced by a monetary fine ranging from €250 to €2,500.[135][136]"
111,"Macau, SAR of China",Illegal,Illegal,Main article: Cannabis in Macau
112,Madagascar,Illegal,Illegal,Main article: Cannabis in Madagascar
113,Malawi,Illegal,Legal,Main article: Cannabis in Malawi Illegal but widely used and cultivated; Malawian cannabis is famed internationally for its quality.[138] Chamba is grown mainly in central and northern regions like Mzuzu.[139]
114,Malaysia,Illegal,Illegal,"Main article: Cannabis in Malaysia Mandatory death penalty for convicted drug traffickers, legally defined as individuals possessing more than 200 g (7 oz) of cannabis.[140]"
115,Maldives,Illegal,Illegal,Main article: Cannabis in the Maldives
116,Mali,Illegal,Illegal,Main article: Cannabis in Mali
117,Malta,Decriminalized up to 3.5g,Legal,"Main article: Cannabis in Malta As of 2015, simple possession is decriminalized, but remains an arrestable offense for the police purpose of collecting intelligence about drug trafficking. Cultivation for personal use will no longer be punishable by a mandatory prison sentence or suspended sentence.[141][142]"
118,Marshall Islands,Illegal,Illegal,Main article: Cannabis in the Marshall Islands
119,Mauritania,Illegal,Illegal,Main article: Cannabis in Mauritania
120,Mauritius,Illegal,Illegal,Main article: Cannabis in Mauritius
121,Mexico,Decriminalized up to 5g,"Legal for medical use,THC content below 1%.","Main article: Cannabis in Mexico Possession of 5 g decriminalized since 2009.[144] In 2015 the Supreme Court voted 4–1 that prohibiting people from growing the drug for consumption was unconstitutional, and in 2018 it reaffirmed the ruling.[145][146][147] As of November 2020, however, the legislature has still not passed a law to enforce the ruling. The Supreme Court has also constantly extended the legal deadline to pass the legislation.[148]"
122,Micronesia,Illegal,Illegal,Main article: Cannabis in Micronesia
123,Moldova,Decriminalized,Illegal,Main article: Cannabis in Moldova
124,Monaco,Illegal,Illegal,Main article: Cannabis in Monaco
125,Mongolia,Illegal,Illegal,Main article: Cannabis in Mongolia
126,Montenegro,Illegal,Illegal,Main article: Cannabis in Montenegro
127,Morocco,Illegal but often unenforced,Illegal,"Main article: Cannabis in Morocco All drugs banned since 1974, but cannabis is partially tolerated. Morocco is still among the world's top producers of hashish."
128,Mozambique,Illegal,Illegal,Main article: Cannabis in Mozambique
129,Myanmar,Illegal but often unenforced,Illegal,Main article: Cannabis in Myanmar
130,Namibia,Illegal,Illegal,Main article: Cannabis in Namibia Cannabis is illegal; in 2007 the government proposed but declined a 20-year jail sentence for any drug possession.
131,Nepal,"Illegal,",Illegal,Main article: Cannabis in Nepal All cannabis licenses canceled in 1973.[9]
132,Country/Territory,Recreational,Medical,Notes
133,Netherlands,Consumption and sale are tolerated in licensed coffeeshops. Possession of up to 5g is decriminalized. Cultivation of up to 5 plants is unenforced for non-commercial use (unless grown in a professional setup).,Legal,Main article: Cannabis in the Netherlands Personal possession decriminalized and sale allowed only in certain licensed coffeeshops in the continental Netherlands.[151][152][153] Cultivation often tolerated but growers can still have their plants and equipment confiscated[154] and face eviction[155] or cancellation of their mortgage[156] for one single plant.[157] Zero tolerance policy in the Caribbean Netherlands.[158]
134,New Zealand,Illegal,Legal,"See also: Cannabis in New Zealand Banned in 1927.[159] Possession over 28 g is presumed for supply. Medical use was legalized in 2018.[160] In 2020, a referendum to legalize recreational use failed by a 50.7% to 48.4% margin.[161]"
135,Nicaragua,Illegal,Illegal,Main article: Cannabis in Nicaragua
136,Niger,Illegal,Illegal,Main article: Cannabis in Niger
137,Nigeria,Illegal,Illegal,Main article: Cannabis in Nigeria
138,North Macedonia,Illegal,Legal,"Main article: Cannabis in North Macedonia If one possesses large amounts, a jail sentence of anywhere from 3 months to 5 years may be given.[162] Medicinal cannabis legalized since 2016.[163]"
139,Norway,"Illegal, but government has declared intention to decriminalize",Legal,"Main article: Cannabis in Norway Illegal, but government is working on a decriminalization bill that would end all sanctions for use and possession of up to 15 g. Currently use and possession of up to 15 g are punished with heavy fines and possible loss of driver's license.[166][167][168]"
140,Oman,Illegal,Illegal,Main article: Cannabis in Oman
141,Pakistan,"Illegal, but often unenforced (particularly in some tribal regions)",CBD only,"Main article: Cannabis in Pakistan Prohibited, but the smoking of hashish in Peshawar and the northern parts of Pakistan tends to be tolerated. One may be sent to jail for up to six months if found with charas in other parts of the country.[170] CBD legalized by cabinet announcement in September 2020.[169]"
142,Palau,Illegal,Illegal,Main article: Cannabis in Palau
143,Panama,Illegal,Illegal,Main article: Cannabis in Panama
144,Papua New Guinea,Illegal,Illegal,Main article: Cannabis in Papua New Guinea
145,Paraguay,Decriminalized up to 10g,Illegal,Main article: Cannabis in Paraguay The possession of up to 10 g of cannabis is not punishable.[171][172]
146,Peru,Decriminalized,Legal,"Main article: Cannabis in Peru Possession of up to 8 g is not punished.[174][175][176][177] Cultivation, production, and sale are punished with 8–15 years in prison.[178][179]"
147,Philippines,Illegal,Illegal but may be allowed with special permit,Main article: Cannabis in the Philippines Medical use of cannabis is possible with a special permit from the Food and Drugs Authority for use by individuals with serious or terminal illness.[180]
148,Poland,"Illegal, but may not be enforced for small amounts, legal below 0.2% THC",Legal,"Main article: Cannabis in Poland Since 2011, prosecutors can choose not to prosecute possession of small quantities of cannabis for personal use if it is a first offense or if the person is drug dependent.[181] Possession of large quantities of drugs can result in up to 10 years in prison.[182]"
149,Portugal,Decriminalized up to 25g of herb or 5g of hashish,Legal,"Main article: Cannabis in Portugal In 2001, Portugal became the first country in the world to decriminalize the use of all drugs.[183]"
150,Qatar,Illegal,Illegal,Main article: Cannabis in Qatar
151,Romania,Illegal,Cannabis-derived drugs less than 0.2% THC can be prescribed,Main article: Cannabis in Romania Small quantities punishable by a large fine for first offenders or 6 months to 2 years in prison if the person has been convicted before. Possession of large amounts or trafficking is punishable by 2–7 years of jail time.[184] Decriminalization proposed.[185] Limited medical use approved in 2013.[186][187]
152,Russia,Illegal,Illegal,"Main article: Cannabis in Russia Possession of up to 6 g of cannabis (or 2 g of hashish) is an administrative offense, punishable by a fine of RUB 5,000 or detention of up to 15 days. Possession of larger amounts is a criminal offense. Foreign nationals and stateless individuals who violate the law are subject to deportation regardless of the amount.[188]"
153,Rwanda,Illegal,Illegal,Main article: Cannabis in Rwanda
154,Saint Kitts and Nevis,Decriminalized up to 15g,Illegal,Main article: Cannabis in Saint Kitts and Nevis
155,Saint Lucia,Illegal,Illegal,Main article: Cannabis in Saint Lucia
156,Saint Vincent and the Grenadines,Decriminalized up to 2 oz,Legal,Main article: Cannabis in Saint Vincent and the Grenadines
157,Samoa,Illegal,Illegal,Main article: Cannabis in Samoa
158,Country/Territory,Recreational,Medical,Notes
159,San Marino,Illegal,Legal,Main article: Cannabis in San Marino
160,São Tomé and Príncipe,Illegal,Illegal,Main article: Cannabis in São Tomé and Principe
161,Saudi Arabia,Illegal,Illegal,"Main article: Cannabis in Saudi Arabia Use and possession for personal use of any kind of recreational drugs is punishable by imprisonment if caught. Imprisonment for personal use can entail jail time of six months or more. Dealing and smuggling high amounts of drugs usually result in harsher prison time or even execution, although recently executions have been rare. Foreigners who use drugs might be deported.[193]"
162,Senegal,Illegal,Illegal,Main article: Cannabis in Senegal
163,Serbia,Illegal,Illegal,Main article: Cannabis in Serbia Possession punishable by fine or imprisonment of up to 3 years. Sale and transportation punishable by imprisonment of 3–12 years. Cultivation punishable by imprisonment from 6 months to 5 years. Higher penalties for organized crime.[195]
164,Seychelles,Illegal,Illegal,Main article: Cannabis in Seychelles
165,Sierra Leone,Illegal,Illegal,Main article: Cannabis in Sierra Leone Cannabis banned in 1920.[196]
166,Singapore,Illegal,Illegal,"Main article: Cannabis in Singapore Banned in 1870.[197] Cannabis is a Class A drug under the Misuse of Drugs Act, making it illegal to cultivate, sell, or possess. Those who are caught with 500g of cannabis or more are considered drug traffickers and are punished with a possible death penalty.[198][199]"
167,Slovakia,Illegal,Illegal,"Main article: Cannabis in Slovakia Possession of small amounts punishable by up to 8 years in prison.[200][201] In April 2012, The Wall Street Journal reported that Robert Fico, the incoming Slovak prime minister, might push for partial legalization of cannabis possession, and has argued for the legalization of possession of up to three doses of cannabis for personal use.[201]"
168,Slovenia,Decriminalized,Cannabis-based drugs,"Main article: Cannabis in Slovenia Cannabis-based drugs are legal for medicinal use, but not cannabis itself.[202][203] Possession of any drug for personal use is decriminalized.[204]"
169,Solomon Islands,Illegal,Illegal,Main article: Cannabis in the Solomon Islands
170,Somalia,Illegal,Illegal,Main article: Cannabis in Somalia
171,South Africa,Legal for possession and cultivation but not for sale.,"Use is legal, but no system for the dispensing of medicinal cannabis exists.",Main article: Cannabis in South Africa Private use and cultivation decriminalized since 2018.[205][206]
172,South Sudan,Illegal,Illegal,Main article: Cannabis in South Sudan
173,Spain,Use and possession in private areas allowed for own consumption.,Limited cannabis-derived pharmaceuticals,"Main article: Cannabis in Spain Cannabis trafficking, including sale, import or cultivation for sale, is punishable by jail time. All actions related to cannabis for own consumption aren't considered criminal offenses,[210] but misdemeanors punishable by a fine.[211] Legalized in Catalonia in 2017,[212] but that law was challenged by the state and declared unconstitutional.[213] Cultivation in private areas for own consumption is allowed if the plants cannot be seen from the street or other public spaces.[214]"
174,Sri Lanka,Illegal,Legalized by amendment made in colonial law by 1980s and through the Ayurveda Act.,Main article: Cannabis in Sri Lanka The sale of cannabis is decriminalized for traditional medicine vendors and it is commonly used in Ayurvedic traditional medicines.[216]
175,Sudan,Illegal,Illegal,Main article: Cannabis in Sudan
176,Suriname,Illegal,Illegal,"Main article: Cannabis in Suriname Cannabis was banned in Suriname in the early 20th century, having been popularized there by Asian immigrants.[217]"
177,Sweden,Illegal,Illegal,"Main article: Cannabis in Sweden All cannabis-related activity illegal. The national police runs a ""disturb and annoy"" program aimed at users supported by the national ""zero tolerance"" policy.[218][219]"
178,Switzerland,Decriminalized. Legal below 1.0% THC.,Legal,"Main article: Cannabis in Switzerland Since 2012, possession of 10 g or less is decriminalized to a fine.[220]"
179,Syria,Illegal,Illegal,"Main article: Cannabis in Syria Reportedly punished by life imprisonment under Bashar al-Assad's government policies. As a result of civil war, people living in areas controlled by Kurdish separatists have begun growing cannabis as a way of making money to fight poverty.[221]"
180,Taiwan,Illegal,Illegal,"Main article: Cannabis in Taiwan Cannabis is a schedule 2 narcotic in the ROC, and possession can result in up to 3 years imprisonment.[222]"
181,Tajikistan,Illegal,Illegal,Main article: Cannabis in Tajikistan
182,Country/Territory,Recreational,Medical,Notes
183,Tanzania,Illegal,Illegal,Main article: Cannabis in Tanzania
184,Thailand,Illegal but often unenforced,Legal,"Main article: Cannabis in Thailand Criminalized in 1935.[223] Possession, cultivation, and transport (import/export) of up to 10 kg of cannabis may result in a maximum sentence of 5 years in prison or a fine.[224] Medical use was made legal in 2018.[225]"
185,Togo,Illegal,Illegal,Main article: Cannabis in Togo
186,Tonga,Illegal,Illegal,Main article: Cannabis in Tonga
187,Trinidad and Tobago,"Decriminalized up to 30g, cultivation of 4 plants per adult",Illegal,Main article: Cannabis in Trinidad and Tobago Banned in 1925.[226] Decriminalized in 2019.[227]
188,Tunisia,Illegal,Illegal,Main article: Cannabis in Tunisia Banned in 1953.[228] Using or possessing entails 1–5 years of imprisonment + 1000-3000 dinars (around 500$-1500$).[229][230][231]
189,Turkey,Illegal,Cannabis-derived pharmaceuticals,"Main article: Cannabis in Turkey Medical cultivation legal in 19 provinces.[232] With permission, this can also be conducted in other provinces as well.[233] Consuming any drug is illegal and requires juridical process. Possessing, purchasing, or receiving any illegal drug is punishable by 1–2 years of prison, treatment, or probation.[234] Sale and supply is punishable by a prison term of 5–10 years, and production or trafficking by a minimum term of 10 years.[234]"
190,Turkmenistan,Illegal,Illegal,Main article: Cannabis in Turkmenistan
191,Tuvalu,Illegal,Illegal,Main article: Cannabis in Tuvalu
192,Uganda,Illegal,Illegal,Main article: Cannabis in Uganda
193,Ukraine,Illegal,Illegal,"Main article: Cannabis in Ukraine Possession of up to 5 g or cultivation of 10 plants is an administrative (rather than a criminal) offense, but detention of up to 15 days is still possible.[235]"
194,United Arab Emirates,Illegal,Illegal,Main article: Cannabis in the United Arab Emirates Even the smallest amounts of the drug can lead to a mandatory 4-year prison sentence.[236]
195,United Kingdom,"Illegal, but a cannabis warning or an on-the-spot fine (""Penalty Notice for Disorder"") may be issued for simple possession instead of prosecution.","Legal, only when prescribed by a specialist consultant.",Main article: Cannabis in the United Kingdom Banned in 1928.[239] Made a Class B drug under the Misuse of Drugs Act 1971.[240] Limited medical use has been legal since 1 November 2018.[241] Cannabis-derived medicines are only legal when prescribed by a specialist consultant and GPs are not allowed to prescribe cannabis-derived medicines. NHS guidance states that medical cannabis should only be prescribed when there is clear published evidence of its benefit and other treatment options have been exhausted.[238]
196,United States,"Legalized in 15 states, 2 territories, and the District of Columbia – but illegal at federal level. Decriminalized in another 16 states and 1 territory.See also: Decriminalization of non-medical cannabis in the United States","Legalized in 35 states, 4 territories, and the District of Columbia – but illegal at federal level.See also: Medical cannabis in the United States","Main articles: Cannabis in the United States and Legality of cannabis by U.S. jurisdiction Cannabis remains a Schedule I drug at federal level, prohibiting even its medical use. The Rohrabacher–Farr amendment prevents federal enforcement in states that have legalized medical, however. No such protections exist regarding recreational, but the federal government has so far generally not intervened. Recognized Indian reservations are allowed to legalize for either use under a policy announced in 2014.[242]"
197,Uruguay,"Legal, but buying prohibited for foreigners. Cultivation allowed up to six plants.",Legal for all uses.,"Main article: Cannabis in Uruguay Legal since late 2013.[243] Buyers must be eighteen or older, residents of Uruguay, and must register with the authorities. Authorities grow the cannabis that can be sold legally.[244][245][246]"
198,Uzbekistan,Illegal,Illegal,"Main article: Cannabis in Uzbekistan Opiates, cannabis and other plants containing psychotropic substances are illegal.[247]"
199,Vanuatu,Illegal,Legal,Main article: Cannabis in Vanuatu
200,Vatican City,Illegal,Illegal,
201,Venezuela,Illegal,Illegal,"Main article: Cannabis in Venezuela Possession of up to 20 g of marijuana or 5 g of genetically modified marijuana for commercial purposes is punishable by 1–2 years in prison at judge's discretion. If deemed to be for personal consumption, the user is subject to security measures involving rehabilitation and detoxification procedures.[248]"
202,Vietnam,Illegal,Illegal,Main article: Cannabis in Vietnam
203,Yemen,Illegal,Illegal,Main article: Cannabis in Yemen
204,Zambia,Illegal,Legal,Main article: Cannabis in Zambia
205,Zimbabwe,Illegal,Legal,Main article: Cannabis in Zimbabwe
206,Country/Territory,Recreational,Medical,Notes
